{
  "model": "gpt2",
  "layer": 5,
  "dict_size": 512,
  "steps": 300,
  "lr": 0.001,
  "l1": 0.001,
  "lens_weight": 0.01,
  "loss_history": [
    [
      0,
      1127.6612548828125,
      0.0032254799734801054,
      17.07010841369629,
      1127.8350830078125
    ],
    [
      30,
      226.24853515625,
      0.007321550510823727,
      6.862624645233154,
      226.32447814941406
    ],
    [
      60,
      8.915404319763184,
      0.009826579131186008,
      7.606229782104492,
      9.001293182373047
    ],
    [
      90,
      0.856566309928894,
      0.009492379613220692,
      7.9730682373046875,
      0.9457893967628479
    ],
    [
      120,
      0.3582916557788849,
      0.009608332999050617,
      8.231436729431152,
      0.45021435618400574
    ],
    [
      150,
      0.23348085582256317,
      0.009631664492189884,
      8.379929542541504,
      0.3269118070602417
    ],
    [
      180,
      0.2186090350151062,
      0.009655708447098732,
      8.478344917297363,
      0.31304818391799927
    ],
    [
      210,
      0.17081040143966675,
      0.00967451836913824,
      8.536844253540039,
      0.2658533453941345
    ],
    [
      240,
      0.17964445054531097,
      0.009686553850769997,
      8.572360038757324,
      0.27505460381507874
    ],
    [
      270,
      0.1687021106481552,
      0.009695129469037056,
      8.594720840454102,
      0.2643444538116455
    ]
  ],
  "sparsity": {
    "mean_abs_z": 9.700681686401367,
    "frac_zero_lt1e-6": 0.4804116487503052,
    "frac_small_lt1e-3": 0.4828559160232544
  },
  "activations_shape": [
    171,
    768
  ]
}