{
  "file": "/media/bjorn/iic/ESA/research/mechanistic-interpretability/experiments/exp_001_sae_v3/artifacts/20260308T125359Z/field_view_exp003_p03_who_was_the_president_of_france_in_1_compressed_vectorized_proxy_pca1__20260308T125359Z.json",
  "prompt": "semantic anchor packet: 1200 | ance | 1300 | 1100 | 1400 | 1500 | 2400 | 1050",
  "topk": 10,
  "risk_score": 1.0,
  "logit_entropy": 1.8873332738876343,
  "gap_state_to_candidates": 5.501861572265625,
  "operator_strength": 5.35223388671875,
  "candidate_coherence": 0.7877632668957669,
  "candidate_variance": 0.009842900569966988,
  "candidate_centroid": [
    0.14348889142274857,
    0.06125683896243572
  ],
  "state_to_centroid_distance": 5.501861589184679,
  "degeneracy_ratio_topk": 1.0,
  "degenerate": true,
  "generic_count": 10,
  "candidate_count": 10,
  "generic_tokens": [
    "|",
    "<space>",
    ".",
    "(",
    "<space>",
    "--------------------------------",
    "/",
    "+",
    ",",
    "-"
  ]
}