{
  "file": "/media/bjorn/iic/ESA/research/mechanistic-interpretability/experiments/exp_001_sae_v3/artifacts/20260309T064842Z/field_view_exp003_anchored_03_compressed__20260309T064842Z.json",
  "prompt": "Opposite of cold?",
  "topk": 10,
  "risk_score": 1.0,
  "logit_entropy": 5.50913143157959,
  "gap_state_to_candidates": 7.29202938079834,
  "operator_strength": 7.165345191955566,
  "candidate_coherence": 0.7776441597625884,
  "candidate_variance": 0.005928542162908695,
  "candidate_centroid": [
    0.12679261099547148,
    0.016097390651702882
  ],
  "state_to_centroid_distance": 7.292029791270188,
  "degeneracy_ratio_topk": 0.6,
  "degenerate": false,
  "generic_count": 6,
  "candidate_count": 10,
  "generic_tokens": [
    "<space>",
    "The",
    "It",
    "I",
    "That",
    "A"
  ]
}