{
  "model": "gpt2",
  "layer": 5,
  "dict_size": 512,
  "steps": 300,
  "lr": 0.001,
  "l1": 0.001,
  "lens_weight": 0.02,
  "loss_history": [
    [
      0,
      1090.1839599609375,
      0.0031244694255292416,
      17.83794403076172,
      1090.5439453125
    ],
    [
      30,
      185.13650512695312,
      0.00792444497346878,
      6.997656345367432,
      185.2843780517578
    ],
    [
      60,
      9.1348237991333,
      0.010182172991335392,
      7.756544589996338,
      9.300137519836426
    ],
    [
      90,
      0.7231144905090332,
      0.009819059632718563,
      8.034305572509766,
      0.8936196565628052
    ],
    [
      120,
      0.3269199728965759,
      0.009936711750924587,
      8.267243385314941,
      0.5022015571594238
    ],
    [
      150,
      0.26997214555740356,
      0.009968379512429237,
      8.389598846435547,
      0.44773250818252563
    ],
    [
      180,
      0.24169082939624786,
      0.009985504671931267,
      8.476092338562012,
      0.42119815945625305
    ],
    [
      210,
      0.20266768336296082,
      0.009999808855354786,
      8.535457611083984,
      0.3833766579627991
    ],
    [
      240,
      0.16155943274497986,
      0.010009383782744408,
      8.571776390075684,
      0.34300434589385986
    ],
    [
      270,
      0.17405593395233154,
      0.01001550443470478,
      8.593165397644043,
      0.355934739112854
    ]
  ],
  "sparsity": {
    "mean_abs_z": 10.020235061645508,
    "frac_zero_lt1e-6": 0.48795002698898315,
    "frac_small_lt1e-3": 0.4903143346309662
  },
  "activations_shape": [
    171,
    768
  ]
}