{
  "file": "/media/bjorn/iic/ESA/research/mechanistic-interpretability/experiments/exp_001_sae_v3/artifacts/20260309T071303Z/field_view_exp003_p01_the_opposite_of_hot_is_compressed__20260309T071303Z.json",
  "prompt": "the opposite of hot is",
  "topk": 5,
  "risk_score": 1.0,
  "logit_entropy": 5.8220343589782715,
  "gap_state_to_candidates": 4.224357604980469,
  "operator_strength": 4.137878894805908,
  "candidate_coherence": 0.2902080262405124,
  "candidate_variance": 0.011479607267211357,
  "candidate_centroid": [
    0.14874844662845135,
    -0.03417169339954853
  ],
  "state_to_centroid_distance": 4.2243575603817165,
  "degeneracy_ratio_topk": 0.4,
  "degenerate": false,
  "generic_count": 2,
  "candidate_count": 5,
  "generic_tokens": [
    "the",
    "a"
  ]
}