{
  "file": "/media/bjorn/iic/ESA/research/mechanistic-interpretability/experiments/exp_001_sae_v3/artifacts/20260308T145034Z/field_view_exp003_random_baseline_math_01_compressed__20260308T145034Z.json",
  "prompt": "If plus 2 is four and 3 then is six what is 5 only",
  "topk": 10,
  "risk_score": 1.0,
  "logit_entropy": 5.6125969886779785,
  "gap_state_to_candidates": 4.564323902130127,
  "operator_strength": 4.4316558837890625,
  "candidate_coherence": 0.8303261526418096,
  "candidate_variance": 0.006334123460412925,
  "candidate_centroid": [
    0.14208608642220497,
    0.014953609369695187
  ],
  "state_to_centroid_distance": 4.56432388184217,
  "degeneracy_ratio_topk": 0.4,
  "degenerate": false,
  "generic_count": 4,
  "candidate_count": 10,
  "generic_tokens": [
    "if",
    "the",
    ".",
    "is"
  ]
}