{
  "file": "/media/bjorn/iic/ESA/research/mechanistic-interpretability/experiments/exp_001_sae_v3/artifacts/20260308T121638Z/field_view_exp003_anchored_02_compressed_vectorized_proxy_mean__20260308T121638Z.json",
  "prompt": "semantic anchor packet: 's | Tokyo | Japan | Japanese | makes | does | capital | Tok",
  "topk": 10,
  "risk_score": 0.7223046012735426,
  "logit_entropy": 4.237228870391846,
  "gap_state_to_candidates": 1.1881262063980103,
  "operator_strength": 1.1329340934753418,
  "candidate_coherence": 0.18905459637505648,
  "candidate_variance": 0.022372066046657004,
  "candidate_centroid": [
    0.10631385855376721,
    0.0008260810747742653
  ],
  "state_to_centroid_distance": 1.1881262257939074,
  "degeneracy_ratio_topk": 0.1,
  "degenerate": false,
  "generic_count": 1,
  "candidate_count": 10,
  "generic_tokens": [
    "i"
  ]
}