{
  "file": "/media/bjorn/iic/ESA/research/mechanistic-interpretability/experiments/exp_001_sae_v3/artifacts/20260309T070654Z/field_view_exp003_p03_who_was_the_president_of_france_in_1_compressed__20260309T070654Z.json",
  "prompt": "who was the president of france in 1200?",
  "topk": 10,
  "risk_score": 1.0,
  "logit_entropy": 6.1503472328186035,
  "gap_state_to_candidates": 6.8148322105407715,
  "operator_strength": 6.687977313995361,
  "candidate_coherence": 0.6727573052910333,
  "candidate_variance": 0.010423309198169561,
  "candidate_centroid": [
    0.13884652331471442,
    0.008013124018907547
  ],
  "state_to_centroid_distance": 6.8148322522148685,
  "degeneracy_ratio_topk": 1.0,
  "degenerate": true,
  "generic_count": 10,
  "candidate_count": 10,
  "generic_tokens": [
    "<space>",
    "I",
    "He",
    ")",
    "And",
    "The",
    "It",
    "),",
    "(",
    "That"
  ]
}