{
  "file": "/media/bjorn/iic/ESA/research/mechanistic-interpretability/experiments/exp_001_sae_v3/artifacts/20260308T140300Z/field_view_tmp_p08_explain_why_the_statement_all_swans___20260308T140300Z.json",
  "prompt": "why \"all swans are white\" can fail, one sentence",
  "topk": 10,
  "risk_score": 1.0,
  "logit_entropy": 5.0568037033081055,
  "gap_state_to_candidates": 5.514645576477051,
  "operator_strength": 5.382241725921631,
  "candidate_coherence": 0.8393789716470282,
  "candidate_variance": 0.009560454546548346,
  "candidate_centroid": [
    0.2022631585597992,
    0.042891214787960055
  ],
  "state_to_centroid_distance": 5.514645781970912,
  "degeneracy_ratio_topk": 0.4,
  "degenerate": false,
  "generic_count": 4,
  "candidate_count": 10,
  "generic_tokens": [
    ".",
    "is",
    ",",
    "in"
  ]
}