{
  "file": "/media/bjorn/iic/ESA/research/mechanistic-interpretability/experiments/exp_001_sae_v3/artifacts/20260309T073124Z/field_view_exp003_p01_king_is_to_queen_as_man_is_to_raw__20260309T073124Z.json",
  "prompt": "king is to queen as man is to",
  "topk": 10,
  "risk_score": 1.0,
  "logit_entropy": 6.467029094696045,
  "gap_state_to_candidates": 3.9511680603027344,
  "operator_strength": 3.761237382888794,
  "candidate_coherence": 0.89501325235953,
  "candidate_variance": 0.010595126959253437,
  "candidate_centroid": [
    0.20404796823859214,
    -0.06307920273393393
  ],
  "state_to_centroid_distance": 3.9511679773468584,
  "degeneracy_ratio_topk": 0.1,
  "degenerate": false,
  "generic_count": 1,
  "candidate_count": 10,
  "generic_tokens": [
    "be"
  ]
}