{
  "layer": 5,
  "dict_size": 512,
  "steps": 800,
  "lr": 0.001,
  "l1": 0.0005,
  "loss_history": [
    [
      0,
      1.0488097667694092,
      0.00011243992776144296
    ],
    [
      80,
      0.013587023131549358,
      0.0002869980235118419
    ],
    [
      160,
      0.0014140722341835499,
      0.00029482925310730934
    ],
    [
      240,
      0.0003684574330691248,
      0.000295217934763059
    ],
    [
      320,
      0.00013310731446836144,
      0.0002939681871794164
    ],
    [
      400,
      5.368482379708439e-05,
      0.000292090029688552
    ],
    [
      480,
      2.5019167878781445e-05,
      0.00028985520475544035
    ],
    [
      560,
      1.3932071851741057e-05,
      0.0002873734920285642
    ],
    [
      640,
      8.849066944094375e-06,
      0.0002847143041435629
    ],
    [
      720,
      5.902434168092441e-06,
      0.00028190697776153684
    ]
  ],
  "sparsity": {
    "mean_abs_z": 0.5579560995101929,
    "frac_zero_lt1e-6": 0.616418719291687,
    "frac_small_lt1e-3": 0.621509313583374
  },
  "activations_shape": [
    188,
    768
  ]
}