{
  "units": [
    472,
    468,
    57,
    156,
    346
  ],
  "explained_var": [
    0.26605549454689026,
    0.2589724361896515
  ],
  "top_tokens_pc1": [
    [
      "lib",
      0.15674208104610443
    ],
    [
      "influences",
      0.15121959149837494
    ],
    [
      "had",
      0.14938363432884216
    ],
    [
      "commercial",
      0.14520347118377686
    ],
    [
      "Greg",
      0.14488458633422852
    ],
    [
      "who",
      0.1447737216949463
    ],
    [
      "monetary",
      0.14418211579322815
    ],
    [
      "informed",
      0.14184299111366272
    ]
  ],
  "top_tokens_pc2": [
    [
      "Chao",
      0.12542951107025146
    ],
    [
      "Lew",
      0.11661553382873535
    ],
    [
      "relaxation",
      0.11264249682426453
    ],
    [
      "ING",
      0.10868476331233978
    ],
    [
      "creativity",
      0.10834670066833496
    ],
    [
      "decor",
      0.10727293789386749
    ],
    [
      "simmer",
      0.106920525431633
    ],
    [
      "Ying",
      0.10549436509609222
    ]
  ],
  "top_tokens_mean": [
    [
      "Contrary",
      0.15567931532859802
    ],
    [
      "oor",
      0.14168286323547363
    ],
    [
      "Reading",
      0.14007212221622467
    ],
    [
      "ifferent",
      0.13521939516067505
    ],
    [
      "ollow",
      0.13421538472175598
    ],
    [
      "proactive",
      0.13370409607887268
    ],
    [
      "contrary",
      0.13025444746017456
    ],
    [
      "nont",
      0.13003379106521606
    ]
  ],
  "top_cproj_pc1": [
    [
      "c_proj_row_1371",
      0.15537729859352112
    ],
    [
      "c_proj_row_1927",
      0.10324726998806
    ],
    [
      "c_proj_row_2068",
      0.10124656558036804
    ],
    [
      "c_proj_row_2367",
      0.09879175573587418
    ],
    [
      "c_proj_row_2256",
      0.09733454883098602
    ],
    [
      "c_proj_row_844",
      0.09640613198280334
    ],
    [
      "c_proj_row_536",
      0.09625349938869476
    ],
    [
      "c_proj_row_1443",
      0.09421541541814804
    ]
  ],
  "top_cproj_pc2": [
    [
      "c_proj_row_2642",
      0.13700617849826813
    ],
    [
      "c_proj_row_887",
      0.13118930160999298
    ],
    [
      "c_proj_row_2275",
      0.11670583486557007
    ],
    [
      "c_proj_row_2877",
      0.11550202965736389
    ],
    [
      "c_proj_row_592",
      0.11300025880336761
    ],
    [
      "c_proj_row_2728",
      0.10748312622308731
    ],
    [
      "c_proj_row_2852",
      0.10426574945449829
    ],
    [
      "c_proj_row_2797",
      0.10313601046800613
    ]
  ],
  "prompt": "the opposite of hot is cold",
  "profile": [
    {
      "pos": 0,
      "token": "the",
      "proj_pc1": 123.27483367919922,
      "proj_pc2": 120.03954315185547,
      "res_norm": 2916.800537109375,
      "logit_entropy": 8.826759338378906
    },
    {
      "pos": 1,
      "token": " opposite",
      "proj_pc1": -2.649383068084717,
      "proj_pc2": 0.3317575454711914,
      "res_norm": 80.74577331542969,
      "logit_entropy": 3.709646701812744
    },
    {
      "pos": 2,
      "token": " of",
      "proj_pc1": -1.920057773590088,
      "proj_pc2": -0.6715608835220337,
      "res_norm": 70.08951568603516,
      "logit_entropy": 5.858732223510742
    },
    {
      "pos": 3,
      "token": " hot",
      "proj_pc1": -3.002502918243408,
      "proj_pc2": -2.2802374362945557,
      "res_norm": 86.1651382446289,
      "logit_entropy": 5.418220520019531
    },
    {
      "pos": 4,
      "token": " is",
      "proj_pc1": -3.144853115081787,
      "proj_pc2": -3.015775680541992,
      "res_norm": 71.91857147216797,
      "logit_entropy": 5.8220343589782715
    },
    {
      "pos": 5,
      "token": " cold",
      "proj_pc1": -4.246946811676025,
      "proj_pc2": -2.276796579360962,
      "res_norm": 80.13789367675781,
      "logit_entropy": 3.679931640625
    }
  ]
}