{
  "file": "/media/bjorn/iic/workspace/Base76_Research_Lab/Mechanistic Interpretability/experiments/exp_001_sae_v3/artifacts/20260305T135205Z/field_view_exp003_p01_king_is_to_queen_as_man_is_to_raw__20260305T135205Z.json",
  "prompt": "king is to queen as man is to",
  "topk": 8,
  "risk_score": 1.0,
  "logit_entropy": 6.467029094696045,
  "gap_state_to_candidates": 3.951824903488159,
  "operator_strength": 3.7612380981445312,
  "candidate_coherence": 0.9087713041282276,
  "candidate_variance": 0.01027250095062038,
  "candidate_centroid": [
    0.20263972459360957,
    -0.05057312315329909
  ],
  "state_to_centroid_distance": 3.9518247003346993,
  "degeneracy_ratio_topk": 0.125,
  "degenerate": false,
  "generic_count": 1,
  "candidate_count": 8,
  "generic_tokens": [
    "be"
  ]
}