{
  "file": "/media/bjorn/iic/ESA/research/mechanistic-interpretability/experiments/exp_001_sae_v3/artifacts/20260308T130610Z/field_view_exp003_p02_the_opposite_of_hot_is_raw__20260308T130610Z.json",
  "prompt": "the opposite of hot is",
  "topk": 10,
  "risk_score": 1.0,
  "logit_entropy": 5.8220343589782715,
  "gap_state_to_candidates": 4.229667663574219,
  "operator_strength": 4.137886047363281,
  "candidate_coherence": 0.5615912489565896,
  "candidate_variance": 0.009096294705014133,
  "candidate_centroid": [
    0.1495079340413213,
    -0.027055649273097514
  ],
  "state_to_centroid_distance": 4.229667604201551,
  "degeneracy_ratio_topk": 0.3,
  "degenerate": false,
  "generic_count": 3,
  "candidate_count": 10,
  "generic_tokens": [
    "the",
    "a",
    "that"
  ]
}