{
  "file": "/media/bjorn/iic/ESA/research/mechanistic-interpretability/experiments/exp_001_sae_v3/artifacts/20260309T064130Z/field_view_exp003_anchored_02_compressed__20260309T064130Z.json",
  "prompt": "Capital of Japan?",
  "topk": 10,
  "risk_score": 1.0,
  "logit_entropy": 4.978479385375977,
  "gap_state_to_candidates": 8.082024574279785,
  "operator_strength": 7.906073570251465,
  "candidate_coherence": 0.955689527386555,
  "candidate_variance": 0.003700625861092202,
  "candidate_centroid": [
    0.17644070237874984,
    0.039040989428758624
  ],
  "state_to_centroid_distance": 8.082024685101109,
  "degeneracy_ratio_topk": 0.8,
  "degenerate": true,
  "generic_count": 8,
  "candidate_count": 10,
  "generic_tokens": [
    "<space>",
    "The",
    "<space>",
    "A",
    "(",
    "It",
    "I",
    "In"
  ]
}