{
  "file": "/media/bjorn/iic/ESA/research/mechanistic-interpretability/experiments/exp_001_sae_v3/artifacts/20260308T135947Z/field_view_tmp_p02_the_opposite_of_hot_is__20260308T135947Z.json",
  "prompt": "hot opposite?",
  "topk": 10,
  "risk_score": 1.0,
  "logit_entropy": 4.7623090744018555,
  "gap_state_to_candidates": 7.794825553894043,
  "operator_strength": 7.652472019195557,
  "candidate_coherence": 0.740653727788183,
  "candidate_variance": 0.008159518315481545,
  "candidate_centroid": [
    0.13883236795663834,
    0.033882603608071805
  ],
  "state_to_centroid_distance": 7.79482533695375,
  "degeneracy_ratio_topk": 0.9,
  "degenerate": true,
  "generic_count": 9,
  "candidate_count": 10,
  "generic_tokens": [
    "<space>",
    "I",
    "The",
    "It",
    "<space>",
    "And",
    "That",
    "You",
    "("
  ]
}