{
  "file": "/media/bjorn/iic/ESA/research/mechanistic-interpretability/experiments/exp_001_sae_v3/artifacts/20260309T071002Z/field_view_exp003_p02_the_opposite_of_hot_is_raw__20260309T071002Z.json",
  "prompt": "the opposite of hot is",
  "topk": 10,
  "risk_score": 1.0,
  "logit_entropy": 5.8220343589782715,
  "gap_state_to_candidates": 4.229660511016846,
  "operator_strength": 4.137878894805908,
  "candidate_coherence": 0.5615887198581907,
  "candidate_variance": 0.009096306200814364,
  "candidate_centroid": [
    0.14950793962925674,
    -0.027055211178958417
  ],
  "state_to_centroid_distance": 4.2296606399596435,
  "degeneracy_ratio_topk": 0.3,
  "degenerate": false,
  "generic_count": 3,
  "candidate_count": 10,
  "generic_tokens": [
    "the",
    "a",
    "that"
  ]
}