{
  "layer": 5,
  "dict_size": 256,
  "steps": 400,
  "lr": 0.001,
  "l1": 0.001,
  "loss_history": [
    [
      0,
      1.0488001108169556,
      0.00022418700973503292
    ],
    [
      40,
      0.14794211089611053,
      0.0006485308986157179
    ],
    [
      80,
      0.0345560722053051,
      0.0006995092844590545
    ],
    [
      120,
      0.012215270660817623,
      0.0007222969434224069
    ],
    [
      160,
      0.005156951956450939,
      0.0007325094775296748
    ],
    [
      200,
      0.0024686611723154783,
      0.0007369578815996647
    ],
    [
      240,
      0.0013138814829289913,
      0.0007378203445114195
    ],
    [
      280,
      0.0007799184531904757,
      0.0007364685297943652
    ],
    [
      320,
      0.0005039051175117493,
      0.0007338327704928815
    ],
    [
      360,
      0.0003379198315087706,
      0.0007304266327992082
    ]
  ],
  "sparsity": {
    "mean_abs_z": 0.7265123724937439,
    "frac_zero_lt1e-6": 0.61767578125,
    "frac_small_lt1e-3": 0.62054443359375
  },
  "activations_shape": [
    128,
    768
  ]
}