{
  "layer": 5,
  "dict_size": 256,
  "steps": 200,
  "lr": 0.001,
  "l1": 0.005,
  "loss_history": [
    [
      0,
      1055.9677734375,
      0.013297351077198982
    ],
    [
      20,
      699.6348876953125,
      0.0257878378033638
    ],
    [
      40,
      278.8372802734375,
      0.0456538088619709
    ],
    [
      60,
      23.217967987060547,
      0.05955047532916069
    ],
    [
      80,
      4.21618127822876,
      0.06446395069360733
    ],
    [
      100,
      0.5756908059120178,
      0.06320459395647049
    ],
    [
      120,
      0.44322434067726135,
      0.06311346590518951
    ],
    [
      140,
      0.3429130017757416,
      0.06357019394636154
    ],
    [
      160,
      0.28128865361213684,
      0.06361737102270126
    ],
    [
      180,
      0.23147597908973694,
      0.063651442527771
    ]
  ],
  "sparsity": {
    "mean_abs_z": 12.739140510559082,
    "frac_zero_lt1e-6": 0.5021874904632568,
    "frac_small_lt1e-3": 0.5028645992279053
  },
  "activations_shape": [
    75,
    768
  ]
}