{
  "file": "/media/bjorn/iic/ESA/research/mechanistic-interpretability/experiments/exp_001_sae_v3/artifacts/20260308T140151Z/field_view_tmp_p02_the_opposite_of_hot_is__20260308T140151Z.json",
  "prompt": "what is opposite of hot?",
  "topk": 10,
  "risk_score": 1.0,
  "logit_entropy": 5.280220985412598,
  "gap_state_to_candidates": 7.569413185119629,
  "operator_strength": 7.426019668579102,
  "candidate_coherence": 0.6638556566966416,
  "candidate_variance": 0.010885276849163836,
  "candidate_centroid": [
    0.144496201723814,
    0.02108629122376442
  ],
  "state_to_centroid_distance": 7.569413506931915,
  "degeneracy_ratio_topk": 0.7,
  "degenerate": false,
  "generic_count": 7,
  "candidate_count": 10,
  "generic_tokens": [
    "<space>",
    "It",
    "The",
    "I",
    "Is",
    "And",
    "A"
  ]
}