{
  "file": "/media/bjorn/iic/ESA/research/mechanistic-interpretability/experiments/exp_001_sae_v3/artifacts/20260309T065217Z/field_view_exp003_p03_a_dragon_that_guards_a_castle_raw__20260309T065217Z.json",
  "prompt": "a dragon that guards a castle",
  "topk": 10,
  "risk_score": 1.0,
  "logit_entropy": 4.049001693725586,
  "gap_state_to_candidates": 2.6756231784820557,
  "operator_strength": 2.59438157081604,
  "candidate_coherence": 0.8836107008958598,
  "candidate_variance": 0.0065450291391923295,
  "candidate_centroid": [
    0.1726880893111229,
    0.06960498653352261
  ],
  "state_to_centroid_distance": 2.675623175153632,
  "degeneracy_ratio_topk": 0.9,
  "degenerate": true,
  "generic_count": 9,
  "candidate_count": 10,
  "generic_tokens": [
    ".",
    "in",
    ",",
    "and",
    "with",
    "that",
    "on",
    "of",
    "or"
  ]
}