{
  "file": "/media/bjorn/iic/ESA/research/mechanistic-interpretability/experiments/exp_001_sae_v3/artifacts/20260309T064929Z/field_view_exp003_reasoning_02_compressed__20260309T064929Z.json",
  "prompt": "doctor is to hospital as teacher is to",
  "topk": 10,
  "risk_score": 1.0,
  "logit_entropy": 5.923001766204834,
  "gap_state_to_candidates": 3.962442636489868,
  "operator_strength": 3.8189280033111572,
  "candidate_coherence": 0.7745643316831143,
  "candidate_variance": 0.013519265367174464,
  "candidate_centroid": [
    0.14975074529647828,
    -0.018516669422388075
  ],
  "state_to_centroid_distance": 3.962442748063019,
  "degeneracy_ratio_topk": 0.0,
  "degenerate": false,
  "generic_count": 0,
  "candidate_count": 10,
  "generic_tokens": []
}