{
  "file": "/media/bjorn/iic/ESA/research/mechanistic-interpretability/experiments/exp_001_sae_v3/artifacts/20260307T174532Z/field_view_exp003_anchored_02_compressed__20260307T174532Z.json",
  "prompt": "what is the capital of Japan?",
  "topk": 5,
  "risk_score": 1.0,
  "logit_entropy": 5.1633124351501465,
  "gap_state_to_candidates": 8.243860244750977,
  "operator_strength": 8.110383033752441,
  "candidate_coherence": 0.9702386371750722,
  "candidate_variance": 0.00235123286343647,
  "candidate_centroid": [
    0.15482995212078093,
    -0.0004545539617538452
  ],
  "state_to_centroid_distance": 8.2438598119084,
  "degeneracy_ratio_topk": 0.8,
  "degenerate": true,
  "generic_count": 4,
  "candidate_count": 5,
  "generic_tokens": [
    "<space>",
    "The",
    "It",
    "Is"
  ]
}