{
  "file": "/media/bjorn/iic/ESA/research/mechanistic-interpretability/experiments/exp_001_sae_v3/artifacts/20260308T140924Z/field_view_exp003_anchored_02_compressed__20260308T140924Z.json",
  "prompt": "what is the capital of Japan?",
  "topk": 10,
  "risk_score": 1.0,
  "logit_entropy": 5.1633124351501465,
  "gap_state_to_candidates": 8.245718002319336,
  "operator_strength": 8.110383033752441,
  "candidate_coherence": 0.6638556566966416,
  "candidate_variance": 0.010885276849163836,
  "candidate_centroid": [
    0.144496201723814,
    0.02108629122376442
  ],
  "state_to_centroid_distance": 8.245718286709373,
  "degeneracy_ratio_topk": 0.7,
  "degenerate": false,
  "generic_count": 7,
  "candidate_count": 10,
  "generic_tokens": [
    "<space>",
    "The",
    "It",
    "Is",
    "I",
    "And",
    "A"
  ]
}