{
  "model": "gpt2",
  "layer": 5,
  "dict_size": 512,
  "steps": 300,
  "lr": 0.001,
  "l1": 0.001,
  "lens_weight": 0.005,
  "loss_history": [
    [
      0,
      1147.450927734375,
      0.003250968875363469,
      16.742008209228516,
      1147.5379638671875
    ],
    [
      30,
      270.0431213378906,
      0.007234289310872555,
      7.018666744232178,
      270.08544921875
    ],
    [
      60,
      9.886263847351074,
      0.010067179799079895,
      7.6763715744018555,
      9.934712409973145
    ],
    [
      90,
      0.8875287175178528,
      0.009579429402947426,
      8.04872989654541,
      0.9373517632484436
    ],
    [
      120,
      0.3306155502796173,
      0.009730621241033077,
      8.25198745727539,
      0.3816061019897461
    ],
    [
      150,
      0.2869746685028076,
      0.009755983017385006,
      8.406984329223633,
      0.33876556158065796
    ],
    [
      180,
      0.22263720631599426,
      0.009773173369467258,
      8.4902925491333,
      0.2748618423938751
    ],
    [
      210,
      0.20207864046096802,
      0.009787391871213913,
      8.542805671691895,
      0.2545800507068634
    ],
    [
      240,
      0.16322427988052368,
      0.00979700405150652,
      8.579652786254883,
      0.21591955423355103
    ],
    [
      270,
      0.14030885696411133,
      0.009803260676562786,
      8.605134963989258,
      0.19313779473304749
    ]
  ],
  "sparsity": {
    "mean_abs_z": 9.806619644165039,
    "frac_zero_lt1e-6": 0.4953513443470001,
    "frac_small_lt1e-3": 0.49743008613586426
  },
  "activations_shape": [
    171,
    768
  ]
}